  create table aa_CLIENT_MASTER 
   (	CLIENT_NO VARCHAR2(6 BYTE), 
	NAME VARCHAR2(20 BYTE), 
	ADDRESS1 VARCHAR2(30 BYTE), 
	ADDRESS2 VARCHAR2(30 BYTE), 
	CITY VARCHAR2(15 BYTE), 
	STATE VARCHAR2(15 BYTE), 
	PINCODE NUMBER(6,0), 
	BAL_DUE NUMBER(10,2)
   ) SEGMENT CREATION IMMEDIATE 
  PCTFREE 10 PCTUSED 40 INITRANS 1 MAXTRANS 255 NOCOMPRESS LOGGING
  STORAGE(INITIAL 65536 NEXT 1048576 MINEXTENTS 1 MAXEXTENTS 2147483645
  PCTINCREASE 0 FREELISTS 1 FREELIST GROUPS 1 BUFFER_POOL DEFAULT FLASH_CACHE DEFAULT CELL_FLASH_CACHE DEFAULT)
  TABLESPACE USERS ;
REM INSERTING into aa_CLIENT_MASTER
SET DEFINE OFF;
Insert into aa_CLIENT_MASTER (CLIENT_NO,NAME,ADDRESS1,ADDRESS2,CITY,STATE,PINCODE,BAL_DUE) values ('0001','Ivan',null,null,'Bombay','Maharashtra',400054,15000);
Insert into aa_CLIENT_MASTER (CLIENT_NO,NAME,ADDRESS1,ADDRESS2,CITY,STATE,PINCODE,BAL_DUE) values ('0002','Vandana',null,null,'Madras','Tamilnadu',780001,0);
Insert into aa_CLIENT_MASTER (CLIENT_NO,NAME,ADDRESS1,ADDRESS2,CITY,STATE,PINCODE,BAL_DUE) values ('0003','Pramada',null,null,'Bombay','Maharashtra',400057,5000);
Insert into aa_CLIENT_MASTER (CLIENT_NO,NAME,ADDRESS1,ADDRESS2,CITY,STATE,PINCODE,BAL_DUE) values ('0004','Basu',null,null,'Bombay','Maharashtra',400056,0);
Insert into aa_CLIENT_MASTER (CLIENT_NO,NAME,ADDRESS1,ADDRESS2,CITY,STATE,PINCODE,BAL_DUE) values ('0005','Ravi',null,null,'Delhi','Gujarat',100001,2000);
Insert into aa_CLIENT_MASTER (CLIENT_NO,NAME,ADDRESS1,ADDRESS2,CITY,STATE,PINCODE,BAL_DUE) values ('0006','Rukmini',null,null,'Bombay','Maharashtra',400050,0);


create table aa_PRODUCT_MASTER 
   (	PRODUCT_NO VARCHAR2(20 BYTE), 
	DESCRIPTION VARCHAR2(20 BYTE), 
	PROFIT_PERCENT NUMBER, 
	UNIT_MEASURE VARCHAR2(20 BYTE), 
	QTY_ON_HAND NUMBER, 
	REORDER_LVL NUMBER, 
	SELL_PRICE NUMBER, 
	COST_PRICE NUMBER
   ) SEGMENT CREATION IMMEDIATE 
  PCTFREE 10 PCTUSED 40 INITRANS 1 MAXTRANS 255 NOCOMPRESS LOGGING
  STORAGE(INITIAL 65536 NEXT 1048576 MINEXTENTS 1 MAXEXTENTS 2147483645
  PCTINCREASE 0 FREELISTS 1 FREELIST GROUPS 1 BUFFER_POOL DEFAULT FLASH_CACHE DEFAULT CELL_FLASH_CACHE DEFAULT)
  TABLESPACE USERS ;
REM INSERTING into aa_PRODUCT_MASTER
SET DEFINE OFF;
Insert into aa_PRODUCT_MASTER (PRODUCT_NO,DESCRIPTION,PROFIT_PERCENT,UNIT_MEASURE,QTY_ON_HAND,REORDER_LVL,SELL_PRICE,COST_PRICE) values ('P00001','1.44floppies',5,'piece',100,20,525,500);
Insert into aa_PRODUCT_MASTER (PRODUCT_NO,DESCRIPTION,PROFIT_PERCENT,UNIT_MEASURE,QTY_ON_HAND,REORDER_LVL,SELL_PRICE,COST_PRICE) values ('P03453','Monitors',6,'piece',10,3,12000,11200);
Insert into aa_PRODUCT_MASTER (PRODUCT_NO,DESCRIPTION,PROFIT_PERCENT,UNIT_MEASURE,QTY_ON_HAND,REORDER_LVL,SELL_PRICE,COST_PRICE) values ('P06734','Mouse',5,'piece',20,5,1050,500);
Insert into aa_PRODUCT_MASTER (PRODUCT_NO,DESCRIPTION,PROFIT_PERCENT,UNIT_MEASURE,QTY_ON_HAND,REORDER_LVL,SELL_PRICE,COST_PRICE) values ('P07865','1.22floppies',5,'piece',100,20,525,500);
Insert into aa_PRODUCT_MASTER (PRODUCT_NO,DESCRIPTION,PROFIT_PERCENT,UNIT_MEASURE,QTY_ON_HAND,REORDER_LVL,SELL_PRICE,COST_PRICE) values ('P07868','Keyboards',2,'piece',10,3,3150,3050);
Insert into aa_PRODUCT_MASTER (PRODUCT_NO,DESCRIPTION,PROFIT_PERCENT,UNIT_MEASURE,QTY_ON_HAND,REORDER_LVL,SELL_PRICE,COST_PRICE) values ('P07885','CD Drive',2.5,'piece',10,3,5250,5100);
Insert into aa_PRODUCT_MASTER (PRODUCT_NO,DESCRIPTION,PROFIT_PERCENT,UNIT_MEASURE,QTY_ON_HAND,REORDER_LVL,SELL_PRICE,COST_PRICE) values ('P07965','540 HDD',4,'piece',10,3,8400,8000);
Insert into aa_PRODUCT_MASTER (PRODUCT_NO,DESCRIPTION,PROFIT_PERCENT,UNIT_MEASURE,QTY_ON_HAND,REORDER_LVL,SELL_PRICE,COST_PRICE) values ('P07975','1.44 Drive',5,'piece',10,3,1050,1000);
Insert into aa_PRODUCT_MASTER (PRODUCT_NO,DESCRIPTION,PROFIT_PERCENT,UNIT_MEASURE,QTY_ON_HAND,REORDER_LVL,SELL_PRICE,COST_PRICE) values ('P08865','1.22 Drive',5,'piece',2,3,1050,1000);





  create table aa_SALESMAN_MASTER 
   (	SALESMAN_NO VARCHAR2(6 BYTE), 
	SAL_NAME VARCHAR2(20 BYTE), 
	ADDRESS VARCHAR2(50 BYTE), 
	CITY VARCHAR2(20 BYTE), 
	STATE VARCHAR2(20 BYTE), 
	PINCODE NUMBER(6,0), 
	SAL_AMT NUMBER(8,2), 
	TGT_TO_GET NUMBER(6,2), 
	YTD_SALES NUMBER(6,2), 
	REMARKS VARCHAR2(30 BYTE)
   ) SEGMENT CREATION IMMEDIATE 
  PCTFREE 10 PCTUSED 40 INITRANS 1 MAXTRANS 255 NOCOMPRESS LOGGING
  STORAGE(INITIAL 65536 NEXT 1048576 MINEXTENTS 1 MAXEXTENTS 2147483645
  PCTINCREASE 0 FREELISTS 1 FREELIST GROUPS 1 BUFFER_POOL DEFAULT FLASH_CACHE DEFAULT CELL_FLASH_CACHE DEFAULT)
  TABLESPACE USERS ;
REM INSERTING into aa_SALESMAN_MASTER
SET DEFINE OFF;
Insert into aa_SALESMAN_MASTER (SALESMAN_NO,SAL_NAME,ADDRESS,CITY,STATE,PINCODE,SAL_AMT,TGT_TO_GET,YTD_SALES,REMARKS) values ('500001','Kiran','A/14 worli','Bombay','Maharastra',400002,3000,100,50,'Good');
Insert into aa_SALESMAN_MASTER (SALESMAN_NO,SAL_NAME,ADDRESS,CITY,STATE,PINCODE,SAL_AMT,TGT_TO_GET,YTD_SALES,REMARKS) values ('500002','Manish','65, nariman','Bombay','Maharastra',400001,3000,200,100,'Good');
Insert into aa_SALESMAN_MASTER (SALESMAN_NO,SAL_NAME,ADDRESS,CITY,STATE,PINCODE,SAL_AMT,TGT_TO_GET,YTD_SALES,REMARKS) values ('500003','Ravi','P-7 Bandra''','Bombay','Maharastra',400032,3000,200,100,'Good');
Insert into aa_SALESMAN_MASTER (SALESMAN_NO,SAL_NAME,ADDRESS,CITY,STATE,PINCODE,SAL_AMT,TGT_TO_GET,YTD_SALES,REMARKS) values ('500004','Ashish','A/5 Juhu','Bombay','Maharastra',400044,3500,200,150,'Good');
--------------------------------------------------------
--  DDL for Index SYS_C007738
--------------------------------------------------------

  CREATE UNIQUE INDEX SYS_C007738 ON aa_SALESMAN_MASTER (SALESMAN_NO) 
  PCTFREE 10 INITRANS 2 MAXTRANS 255 COMPUTE STATISTICS 
  STORAGE(INITIAL 65536 NEXT 1048576 MINEXTENTS 1 MAXEXTENTS 2147483645
  PCTINCREASE 0 FREELISTS 1 FREELIST GROUPS 1 BUFFER_POOL DEFAULT FLASH_CACHE DEFAULT CELL_FLASH_CACHE DEFAULT)
  TABLESPACE USERS ;
--------------------------------------------------------
--  Constraints for Table aa_SALESMAN_MASTER
--------------------------------------------------------

  ALTER TABLE aa_SALESMAN_MASTER ADD PRIMARY KEY (SALESMAN_NO)
  USING INDEX PCTFREE 10 INITRANS 2 MAXTRANS 255 COMPUTE STATISTICS 
  STORAGE(INITIAL 65536 NEXT 1048576 MINEXTENTS 1 MAXEXTENTS 2147483645
  PCTINCREASE 0 FREELISTS 1 FREELIST GROUPS 1 BUFFER_POOL DEFAULT FLASH_CACHE DEFAULT CELL_FLASH_CACHE DEFAULT)
  TABLESPACE USERS  ENABLE;
  ALTER TABLE aa_SALESMAN_MASTER ADD CHECK (ytd_sales <> 0) ENABLE;
  ALTER TABLE aa_SALESMAN_MASTER ADD CHECK (tgt_to_get<>0) ENABLE;
  ALTER TABLE aa_SALESMAN_MASTER ADD CHECK (sal_amt<>0) ENABLE;
  ALTER TABLE aa_SALESMAN_MASTER ADD CHECK (salesman_no like '5%') ENABLE;
  ALTER TABLE aa_SALESMAN_MASTER MODIFY (YTD_SALES NOT NULL ENABLE);
  ALTER TABLE aa_SALESMAN_MASTER MODIFY (TGT_TO_GET NOT NULL ENABLE);
  ALTER TABLE aa_SALESMAN_MASTER MODIFY (SAL_AMT NOT NULL ENABLE);
  ALTER TABLE aa_SALESMAN_MASTER MODIFY (ADDRESS NOT NULL ENABLE);
  ALTER TABLE aa_SALESMAN_MASTER MODIFY (SAL_NAME NOT NULL ENABLE);
  
  



  
  create table aa_SALES_ORDER 
   (	S_ORDER_NO VARCHAR2(6 BYTE), 
	S_ORDER_DATE DATE, 
	CLIENT_NO VARCHAR2(25 BYTE), 
	DELY_ADD VARCHAR2(6 BYTE), 
	SALESMAN_NO VARCHAR2(6 BYTE), 
	DELY_TYPE CHAR(1 BYTE) DEFAULT 'f', 
	BILLED_YN CHAR(1 BYTE), 
	DELY_DATE DATE, 
	ORDER_STATUS VARCHAR2(25 BYTE)
   ) SEGMENT CREATION IMMEDIATE 
  PCTFREE 10 PCTUSED 40 INITRANS 1 MAXTRANS 255 NOCOMPRESS LOGGING
  STORAGE(INITIAL 65536 NEXT 1048576 MINEXTENTS 1 MAXEXTENTS 2147483645
  PCTINCREASE 0 FREELISTS 1 FREELIST GROUPS 1 BUFFER_POOL DEFAULT FLASH_CACHE DEFAULT CELL_FLASH_CACHE DEFAULT)
  TABLESPACE USERS ;
REM INSERTING into aa_SALES_ORDER
SET DEFINE OFF;
Insert into aa_SALES_ORDER (S_ORDER_NO,S_ORDER_DATE,CLIENT_NO,DELY_ADD,SALESMAN_NO,DELY_TYPE,BILLED_YN,DELY_DATE,ORDER_STATUS) values ('019001',to_date('12-JAN-96','DD-MON-RR'),'0001',null,'500001','f','N',to_date('20-JAN-96','DD-MON-RR'),'backorder');
Insert into aa_SALES_ORDER (S_ORDER_NO,S_ORDER_DATE,CLIENT_NO,DELY_ADD,SALESMAN_NO,DELY_TYPE,BILLED_YN,DELY_DATE,ORDER_STATUS) values ('019002',to_date('25-JAN-96','DD-MON-RR'),'0002',null,'500002','p','N',to_date('27-JAN-96','DD-MON-RR'),'fullfilled');
Insert into aa_SALES_ORDER (S_ORDER_NO,S_ORDER_DATE,CLIENT_NO,DELY_ADD,SALESMAN_NO,DELY_TYPE,BILLED_YN,DELY_DATE,ORDER_STATUS) values ('016865',to_date('18-FEB-96','DD-MON-RR'),'0003',null,'500003','f','Y',to_date('20-FEB-96','DD-MON-RR'),'fullfilled');
Insert into aa_SALES_ORDER (S_ORDER_NO,S_ORDER_DATE,CLIENT_NO,DELY_ADD,SALESMAN_NO,DELY_TYPE,BILLED_YN,DELY_DATE,ORDER_STATUS) values ('019003',to_date('03-APR-96','DD-MON-RR'),'0001',null,'500001','f','Y',to_date('07-APR-96','DD-MON-RR'),'fullfilled');
Insert into aa_SALES_ORDER (S_ORDER_NO,S_ORDER_DATE,CLIENT_NO,DELY_ADD,SALESMAN_NO,DELY_TYPE,BILLED_YN,DELY_DATE,ORDER_STATUS) values ('046866',to_date('20-MAY-96','DD-MON-RR'),'0004',null,'500004','p','N',to_date('22-MAY-96','DD-MON-RR'),'cancelled');
Insert into aa_SALES_ORDER (S_ORDER_NO,S_ORDER_DATE,CLIENT_NO,DELY_ADD,SALESMAN_NO,DELY_TYPE,BILLED_YN,DELY_DATE,ORDER_STATUS) values ('010008',to_date('24-MAY-96','DD-MON-RR'),'0005',null,'500004','f','N',to_date('26-MAY-96','DD-MON-RR'),'backorder');
--------------------------------------------------------
--  DDL for Index SYS_C007760
--------------------------------------------------------

  CREATE UNIQUE INDEX SYS_C007760 ON aa_SALES_ORDER (S_ORDER_NO) 
  PCTFREE 10 INITRANS 2 MAXTRANS 255 COMPUTE STATISTICS 
  STORAGE(INITIAL 65536 NEXT 1048576 MINEXTENTS 1 MAXEXTENTS 2147483645
  PCTINCREASE 0 FREELISTS 1 FREELIST GROUPS 1 BUFFER_POOL DEFAULT FLASH_CACHE DEFAULT CELL_FLASH_CACHE DEFAULT)
  TABLESPACE USERS ;
--------------------------------------------------------
--  Constraints for Table aa_SALES_ORDER
--------------------------------------------------------

  ALTER TABLE aa_SALES_ORDER ADD PRIMARY KEY (S_ORDER_NO)
  USING INDEX PCTFREE 10 INITRANS 2 MAXTRANS 255 COMPUTE STATISTICS 
  STORAGE(INITIAL 65536 NEXT 1048576 MINEXTENTS 1 MAXEXTENTS 2147483645
  PCTINCREASE 0 FREELISTS 1 FREELIST GROUPS 1 BUFFER_POOL DEFAULT FLASH_CACHE DEFAULT CELL_FLASH_CACHE DEFAULT)
  TABLESPACE USERS  ENABLE;
  ALTER TABLE aa_SALES_ORDER ADD CHECK (dely_date>=s_order_date) ENABLE;
  ALTER TABLE aa_SALES_ORDER ADD CHECK (order_status in ('inprocess','fullfilled','backorder','cancelled')) ENABLE;
  ALTER TABLE aa_SALES_ORDER ADD CHECK (dely_type in ('p','f')) ENABLE;
  ALTER TABLE aa_SALES_ORDER ADD CHECK (s_order_no like '0%') ENABLE;
--------------------------------------------------------
--  Ref Constraints for Table aa_SALES_ORDER
--------------------------------------------------------

  ALTER TABLE aa_SALES_ORDER ADD FOREIGN KEY (CLIENT_NO)
	  REFERENCES aa_CLIENT_MASTER (CLIENT_NO) ENABLE;
  ALTER TABLE aa_SALES_ORDER ADD FOREIGN KEY (SALESMAN_NO)
	  REFERENCES aa_SALESMAN_MASTER (SALESMAN_NO) ENABLE;
	  
	  
	  




  create table aa_SALES_ORDER_DETAILS 
   (	S_ORDER_NO VARCHAR2(6 BYTE), 
	PRODUCT_NO VARCHAR2(6 BYTE), 
	QTY_ORDER NUMBER(8,0), 
	QTY_DISP NUMBER(8,0), 
	PRODUCT_RATE NUMBER(10,2)
   ) SEGMENT CREATION IMMEDIATE 
  PCTFREE 10 PCTUSED 40 INITRANS 1 MAXTRANS 255 NOCOMPRESS LOGGING
  STORAGE(INITIAL 65536 NEXT 1048576 MINEXTENTS 1 MAXEXTENTS 2147483645
  PCTINCREASE 0 FREELISTS 1 FREELIST GROUPS 1 BUFFER_POOL DEFAULT FLASH_CACHE DEFAULT CELL_FLASH_CACHE DEFAULT)
  TABLESPACE USERS ;
REM INSERTING into aa_SALES_ORDER_DETAILS
SET DEFINE OFF;
Insert into aa_SALES_ORDER_DETAILS (S_ORDER_NO,PRODUCT_NO,QTY_ORDER,QTY_DISP,PRODUCT_RATE) values ('019001','P00001',4,4,525);
Insert into aa_SALES_ORDER_DETAILS (S_ORDER_NO,PRODUCT_NO,QTY_ORDER,QTY_DISP,PRODUCT_RATE) values ('019001','P07965',2,1,8400);
Insert into aa_SALES_ORDER_DETAILS (S_ORDER_NO,PRODUCT_NO,QTY_ORDER,QTY_DISP,PRODUCT_RATE) values ('019001','P07885',2,1,5250);
Insert into aa_SALES_ORDER_DETAILS (S_ORDER_NO,PRODUCT_NO,QTY_ORDER,QTY_DISP,PRODUCT_RATE) values ('019002','P00001',10,0,525);
Insert into aa_SALES_ORDER_DETAILS (S_ORDER_NO,PRODUCT_NO,QTY_ORDER,QTY_DISP,PRODUCT_RATE) values ('019003','P00001',4,4,1050);
Insert into aa_SALES_ORDER_DETAILS (S_ORDER_NO,PRODUCT_NO,QTY_ORDER,QTY_DISP,PRODUCT_RATE) values ('019003','P03453',2,2,1050);
Insert into aa_SALES_ORDER_DETAILS (S_ORDER_NO,PRODUCT_NO,QTY_ORDER,QTY_DISP,PRODUCT_RATE) values ('046866','P06734',1,1,12000);
Insert into aa_SALES_ORDER_DETAILS (S_ORDER_NO,PRODUCT_NO,QTY_ORDER,QTY_DISP,PRODUCT_RATE) values ('046866','P07965',1,0,8400);
Insert into aa_SALES_ORDER_DETAILS (S_ORDER_NO,PRODUCT_NO,QTY_ORDER,QTY_DISP,PRODUCT_RATE) values ('010008','P07975',1,0,1050);
Insert into aa_SALES_ORDER_DETAILS (S_ORDER_NO,PRODUCT_NO,QTY_ORDER,QTY_DISP,PRODUCT_RATE) values ('010008','P00001',10,5,525);
--------------------------------------------------------
--  DDL for Index SYS_C007764
--------------------------------------------------------

  CREATE UNIQUE INDEX SYS_C007764 ON aa_SALES_ORDER_DETAILS (S_ORDER_NO, PRODUCT_NO) 
  PCTFREE 10 INITRANS 2 MAXTRANS 255 COMPUTE STATISTICS 
  STORAGE(INITIAL 65536 NEXT 1048576 MINEXTENTS 1 MAXEXTENTS 2147483645
  PCTINCREASE 0 FREELISTS 1 FREELIST GROUPS 1 BUFFER_POOL DEFAULT FLASH_CACHE DEFAULT CELL_FLASH_CACHE DEFAULT)
  TABLESPACE USERS ;
--------------------------------------------------------
--  Constraints for Table aa_SALES_ORDER_DETAILS
--------------------------------------------------------

  ALTER TABLE aa_SALES_ORDER_DETAILS ADD PRIMARY KEY (S_ORDER_NO, PRODUCT_NO)
  USING INDEX PCTFREE 10 INITRANS 2 MAXTRANS 255 COMPUTE STATISTICS 
  STORAGE(INITIAL 65536 NEXT 1048576 MINEXTENTS 1 MAXEXTENTS 2147483645
  PCTINCREASE 0 FREELISTS 1 FREELIST GROUPS 1 BUFFER_POOL DEFAULT FLASH_CACHE DEFAULT CELL_FLASH_CACHE DEFAULT)
  TABLESPACE USERS  ENABLE;
--------------------------------------------------------
--  Ref Constraints for Table aa_SALES_ORDER_DETAILS
--------------------------------------------------------

  ALTER TABLE aa_SALES_ORDER_DETAILS ADD FOREIGN KEY (S_ORDER_NO)
	  REFERENCES aa_SALES_ORDER (S_ORDER_NO) ENABLE;
  ALTER TABLE aa_SALES_ORDER_DETAILS ADD FOREIGN KEY (PRODUCT_NO)
	  REFERENCES aa_PRODUCT_MASTER (PRODUCT_NO) ENABLE;
	  
	  
	  
	  
	  
